insert into member (id, created_date, modified_date, name, password, email) values (101, now(), now(), 'Psy', '1q2w3e4r', 'sample1@gmail.com')
insert into member (id, created_date, modified_date, name, password, email) values (102, now(), now(), 'Forestella', '1q2w3e4r', 'sample2@gmail.com')
insert into member (id, created_date, modified_date, name, password, email) values (103, now(), now(), 'Chirstopher', '1q2w3e4r', 'sample3@gmail.com')
insert into member (id, created_date, modified_date, name, password, email) values (104, now(), now(), 'Myungsub Choi', '1q2w3e4r', 'sample4@gmail.com')
insert into member (id, created_date, modified_date, name, password, email) values (105, now(), now(), 'Jiyoung Baek', '1q2w3e4r', 'sample5@gmail.com')
insert into member (id, created_date, modified_date, name, password, email) values (106, now(), now(), 'KBS', '1q2w3e4r', 'sample6@gmail.com')
insert into member (id, created_date, modified_date, name, password, email) values (107, now(), now(), 'Universal Ballet', '1q2w3e4r', 'sample7@gmail.com')

insert into member_roles (member_id, roles) values (101, 'ROLE_USER')
insert into member_roles (member_id, roles) values (102, 'ROLE_USER')
insert into member_roles (member_id, roles) values (103, 'ROLE_USER')
insert into member_roles (member_id, roles) values (104, 'ROLE_USER')
insert into member_roles (member_id, roles) values (105, 'ROLE_USER')
insert into member_roles (member_id, roles) values (106, 'ROLE_USER')
insert into member_roles (member_id, roles) values (107, 'ROLE_USER')

insert into category (id, name) values (50, 'ROCK')
insert into category (id, name) values (51, 'BLUES')
insert into category (id, name) values (52, 'JAZZ')
insert into category (id, name) values (53, 'HIP HOP')
insert into category (id, name) values (54, 'K-POP')
insert into category (id, name) values (55, 'J-POP')
insert into category (id, name) values (56, 'FOLK')
insert into category (id, name) values (57, 'CLASSIC')

insert into concert (id, created_date, modified_date, start_date, end_date, description, likes_count, max_audience, current_audience, price, status, title, category_id, performer_id, img_url) values (1, now(), now(), '2020-10-09 18:00:00', '2020-10-09 21:00:00', 'Lorem ipsum dolor sit amet, consectetur adipiscing elit, sed do eiusmod tempor incididunt ut labore et dolore magna aliqua. Orci sagittis eu volutpat odio facilisis mauris sit amet massa. Sit amet mattis vulputate enim nulla aliquet. Venenatis tellus in metus vulputate eu. Imperdiet sed euismod nisi porta lorem mollis aliquam ut porttitor. Vestibulum mattis ullamcorper velit sed ullamcorper morbi tincidunt ornare. At urna condimentum mattis pellentesque id nibh tortor id aliquet. Amet porttitor eget dolor morbi non arcu risus. Enim sit amet venenatis urna cursus eget nunc scelerisque viverra. Nulla aliquet porttitor lacus luctus accumsan tortor posuere ac ut. Suscipit tellus mauris a diam.', 10, 1000, 120, 15000, 'UPCOMING', 'Sidereus', 51, 103, 'sidereus.jpg')
insert into concert (id, created_date, modified_date, start_date, end_date, description, likes_count, max_audience, current_audience, price, status, title, category_id, performer_id, img_url) values (2, now(), now(), '2020-10-06 09:30:00', '2020-10-06 10:15:00', 'Lorem ipsum dolor sit amet, consectetur adipiscing elit, sed do eiusmod tempor incididunt ut labore et dolore magna aliqua. Orci sagittis eu volutpat odio facilisis mauris sit amet massa. Sit amet mattis vulputate enim nulla aliquet. Venenatis tellus in metus vulputate eu. Imperdiet sed euismod nisi porta lorem mollis aliquam ut porttitor. Vestibulum mattis ullamcorper velit sed ullamcorper morbi tincidunt ornare. At urna condimentum mattis pellentesque id nibh tortor id aliquet. Amet porttitor eget dolor morbi non arcu risus. Enim sit amet venenatis urna cursus eget nunc scelerisque viverra. Nulla aliquet porttitor lacus luctus accumsan tortor posuere ac ut. Suscipit tellus mauris a diam.', 390, 500, 100, 20000, 'UPCOMING', 'Murder Ballad', 51, 102, 'murder_ballad.jpg')
insert into concert (id, created_date, modified_date, start_date, end_date, description, likes_count, max_audience, current_audience, price, status, title, category_id, performer_id, img_url) values (3, now(), now(), '2020-10-06 09:30:00', '2020-10-06 10:15:00', 'Lorem ipsum dolor sit amet, consectetur adipiscing elit, sed do eiusmod tempor incididunt ut labore et dolore magna aliqua. Orci sagittis eu volutpat odio facilisis mauris sit amet massa. Sit amet mattis vulputate enim nulla aliquet. Venenatis tellus in metus vulputate eu. Imperdiet sed euismod nisi porta lorem mollis aliquam ut porttitor. Vestibulum mattis ullamcorper velit sed ullamcorper morbi tincidunt ornare. At urna condimentum mattis pellentesque id nibh tortor id aliquet. Amet porttitor eget dolor morbi non arcu risus. Enim sit amet venenatis urna cursus eget nunc scelerisque viverra. Nulla aliquet porttitor lacus luctus accumsan tortor posuere ac ut. Suscipit tellus mauris a diam.', 390, 500, 100, 20000, 'ONAIR', 'Forestella Concert', 51, 102, 'forestella_concert.jpeg')
insert into concert (id, created_date, modified_date, start_date, end_date, description, likes_count, max_audience, current_audience, price, status, title, category_id, performer_id, img_url) values (4, now(), now(), '2021-01-15 13:20:00', '2021-01-15 16:20:00', 'Lorem ipsum dolor sit amet, consectetur adipiscing elit, sed do eiusmod tempor incididunt ut labore et dolore magna aliqua. Orci sagittis eu volutpat odio facilisis mauris sit amet massa. Sit amet mattis vulputate enim nulla aliquet. Venenatis tellus in metus vulputate eu. Imperdiet sed euismod nisi porta lorem mollis aliquam ut porttitor. Vestibulum mattis ullamcorper velit sed ullamcorper morbi tincidunt ornare. At urna condimentum mattis pellentesque id nibh tortor id aliquet. Amet porttitor eget dolor morbi non arcu risus. Enim sit amet venenatis urna cursus eget nunc scelerisque viverra. Nulla aliquet porttitor lacus luctus accumsan tortor posuere ac ut. Suscipit tellus mauris a diam.', 2005, 3200, 3000, 32000, 'ENDED', 'Christopher concert in Korea', 50, 103, 'christopher_concert.jpeg')
insert into concert (id, created_date, modified_date, start_date, end_date, description, likes_count, max_audience, current_audience, price, status, title, category_id, performer_id, img_url) values (5, now(), now(), '2020-12-31 20:00:00', '2021-01-01 02:00:00', 'Lorem ipsum dolor sit amet, consectetur adipiscing elit, sed do eiusmod tempor incididunt ut labore et dolore magna aliqua. Orci sagittis eu volutpat odio facilisis mauris sit amet massa. Sit amet mattis vulputate enim nulla aliquet. Venenatis tellus in metus vulputate eu. Imperdiet sed euismod nisi porta lorem mollis aliquam ut porttitor. Vestibulum mattis ullamcorper velit sed ullamcorper morbi tincidunt ornare. At urna condimentum mattis pellentesque id nibh tortor id aliquet. Amet porttitor eget dolor morbi non arcu risus. Enim sit amet venenatis urna cursus eget nunc scelerisque viverra. Nulla aliquet porttitor lacus luctus accumsan tortor posuere ac ut. Suscipit tellus mauris a diam.', 400, 400, 320, 45000, 'UPCOMING', '2020 Myungsub Choi Solo Concert', 51, 104, 'myungsub_choi_concert.jpeg')
insert into concert (id, created_date, modified_date, start_date, end_date, description, likes_count, max_audience, current_audience, price, status, title, category_id, performer_id, img_url) values (6, now(), now(), '2020-11-28 18:15:00', '2020-11-28 18:55:00', 'Lorem ipsum dolor sit amet, consectetur adipiscing elit, sed do eiusmod tempor incididunt ut labore et dolore magna aliqua. Orci sagittis eu volutpat odio facilisis mauris sit amet massa. Sit amet mattis vulputate enim nulla aliquet. Venenatis tellus in metus vulputate eu. Imperdiet sed euismod nisi porta lorem mollis aliquam ut porttitor. Vestibulum mattis ullamcorper velit sed ullamcorper morbi tincidunt ornare. At urna condimentum mattis pellentesque id nibh tortor id aliquet. Amet porttitor eget dolor morbi non arcu risus. Enim sit amet venenatis urna cursus eget nunc scelerisque viverra. Nulla aliquet porttitor lacus luctus accumsan tortor posuere ac ut. Suscipit tellus mauris a diam.', 20, 500, 10, 50000, 'ENDED', 'Jiyoung Baek National Tour', 52, 105, 'jiyoung_baek_concert.jpeg')
insert into concert (id, created_date, modified_date, start_date, end_date, description, likes_count, max_audience, current_audience, price, status, title, category_id, performer_id, img_url) values (7, now(), now(), '2020-10-08 19:00:00', '2020-10-08 20:00:00', 'Lorem ipsum dolor sit amet, consectetur adipiscing elit, sed do eiusmod tempor incididunt ut labore et dolore magna aliqua. Orci sagittis eu volutpat odio facilisis mauris sit amet massa. Sit amet mattis vulputate enim nulla aliquet. Venenatis tellus in metus vulputate eu. Imperdiet sed euismod nisi porta lorem mollis aliquam ut porttitor. Vestibulum mattis ullamcorper velit sed ullamcorper morbi tincidunt ornare. At urna condimentum mattis pellentesque id nibh tortor id aliquet. Amet porttitor eget dolor morbi non arcu risus. Enim sit amet venenatis urna cursus eget nunc scelerisque viverra. Nulla aliquet porttitor lacus luctus accumsan tortor posuere ac ut. Suscipit tellus mauris a diam.', 350, 1600, 500, 63000, 'ONAIR', 'Phantom Signer Concert', 52, 106, 'phantom_singer_concert.jpeg')
insert into concert (id, created_date, modified_date, start_date, end_date, description, likes_count, max_audience, current_audience, price, status, title, category_id, performer_id, img_url) values (8, now(), now(), '2020-10-09 18:00:00', '2020-10-09 21:00:00', 'Lorem ipsum dolor sit amet, consectetur adipiscing elit, sed do eiusmod tempor incididunt ut labore et dolore magna aliqua. Orci sagittis eu volutpat odio facilisis mauris sit amet massa. Sit amet mattis vulputate enim nulla aliquet. Venenatis tellus in metus vulputate eu. Imperdiet sed euismod nisi porta lorem mollis aliquam ut porttitor. Vestibulum mattis ullamcorper velit sed ullamcorper morbi tincidunt ornare. At urna condimentum mattis pellentesque id nibh tortor id aliquet. Amet porttitor eget dolor morbi non arcu risus. Enim sit amet venenatis urna cursus eget nunc scelerisque viverra. Nulla aliquet porttitor lacus luctus accumsan tortor posuere ac ut. Suscipit tellus mauris a diam.', 10, 1000, 120, 15000, 'UPCOMING', 'PSY CONCERT', 51, 101, 'psy_concert.jpeg')

insert into reservation (id, created_date, modified_date, concert_id, performer_id, purchase_count, purchase_id) values (1, '2020-11-12 18:00:00', now(), 2, 102, 1, 101)
insert into reservation (id, created_date, modified_date, concert_id, performer_id, purchase_count, purchase_id) values (2, '2020-11-13 09:30:00', now(), 3, 102, 2, 101)
insert into reservation (id, created_date, modified_date, concert_id, performer_id, purchase_count, purchase_id) values (3, '2020-11-15 13:20:00', now(), 4, 103, 1, 101)
insert into reservation (id, created_date, modified_date, concert_id, performer_id, purchase_count, purchase_id) values (4, '2020-11-16 13:20:00', now(), 5, 104, 3, 101)
insert into reservation (id, created_date, modified_date, concert_id, performer_id, purchase_count, purchase_id) values (5, '2020-11-17 13:20:00', now(), 6, 105, 1, 101)

insert into reservation (id, created_date, modified_date, concert_id, performer_id, purchase_count, purchase_id) values (6, '2020-11-09 18:00:00', now(), 8, 101, 1, 102)
insert into reservation (id, created_date, modified_date, concert_id, performer_id, purchase_count, purchase_id) values (7, '2020-11-14 09:30:00', now(), 4, 103, 2, 102)
insert into reservation (id, created_date, modified_date, concert_id, performer_id, purchase_count, purchase_id) values (8, '2020-11-15 13:20:00', now(), 5, 104, 1, 102)
insert into reservation (id, created_date, modified_date, concert_id, performer_id, purchase_count, purchase_id) values (9, '2020-11-15 13:20:00', now(), 1, 103, 3, 102)
insert into reservation (id, created_date, modified_date, concert_id, performer_id, purchase_count, purchase_id) values (10, '2020-11-16 13:20:00', now(), 6, 105, 1, 102)


insert into reservation (id, created_date, modified_date, concert_id, performer_id, purchase_count, purchase_id) values (11, '2020-11-17 18:00:00', now(), 8, 101, 2, 103)
insert into reservation (id, created_date, modified_date, concert_id, performer_id, purchase_count, purchase_id) values (12, '2020-11-18 09:30:00', now(), 3, 102, 1, 103)
insert into reservation (id, created_date, modified_date, concert_id, performer_id, purchase_count, purchase_id) values (13, '2020-11-19 13:20:00', now(), 2, 102, 1, 103)
insert into reservation (id, created_date, modified_date, concert_id, performer_id, purchase_count, purchase_id) values (14, '2020-11-20 13:20:00', now(), 5, 104, 3, 103)